key,english,arabic
"common.demo","Interactive demo · sample data","عرض تجريبي · بيانات نموذجية"
"common.owner","Business owner","صاحب المشروع"
"common.partner","Partner","الشريك"
"common.admin","Admin","الإدارة"
"common.back","Back","رجوع"
"common.next","Continue","متابعة"
"common.save","Save changes","حفظ التغييرات"
"common.cancel","Cancel","إلغاء"
"common.review","Review","مراجعة"
"common.download","Download","تنزيل"
"common.empty","Nothing here yet","لا توجد عناصر بعد"
"common.error","Please complete the required field.","يرجى إكمال الحقل المطلوب."
"common.success","Changes saved","تم حفظ التغييرات"
"common.search","Search","بحث"
"common.home","Layla’s home bakery","مخبز ليلى المنزلي"
"common.profile","Layla Ahmad · Irbid","ليلى أحمد · إربد"
"common.typed","Entered by you","أدخلته بنفسك"
"common.verified","Demo identity verified","تم التحقق من الهوية التجريبية"
"common.mock","SANAD demo connection","اتصال سند التجريبي"
"common.pending","Not started","لم يبدأ"
"common.done","Completed","مكتمل"
"common.needs","Needs action","يتطلب إجراء"
"common.submitted","Submitted","تم الإرسال"
"common.locked","Complete the previous step first","أكمل الخطوة السابقة أولاً"
"common.notice","Illustrative details. Confirm requirements with the relevant authority.","تفاصيل توضيحية. تحقق من المتطلبات لدى الجهة المختصة."
"common.upload","Upload document","رفع مستند"
"common.sample","Use sample document","استخدام مستند نموذجي"
"common.signed","Signed in demo","تم التوقيع تجريبياً"
"common.sent","Demo application submitted","تم إرسال الطلب التجريبي"
"common.booked","Appointment reserved in demo","تم حجز الموعد تجريبياً"
"common.read","Mark all as read","تحديد الكل كمقروء"
"common.apply","Apply to selected","التقديم للجهات المحددة"
"common.sign","Review and sign","المراجعة والتوقيع"
"common.confirm","Confirm","تأكيد"
"common.reset","Reset demo","إعادة العرض"
"common.language","العربية","English"
"common.close","Close","إغلاق"
"common.consent","I agree to use sample identity data in this demo.","أوافق على استخدام بيانات هوية نموذجية في هذا العرض."
"common.loading","Preparing your workspace…","جارٍ إعداد مساحة العمل…"
"nav.roadmap","Your roadmap","مسار مشروعك"
"nav.documents","Documents","المستندات"
"nav.signing","Signatures","التواقيع"
"nav.incubators","Incubators","الحاضنات"
"nav.bank","Bank file","الملف البنكي"
"nav.assistant","Assistant","المساعد"
"nav.notifications","Notifications","الإشعارات"
"nav.appointments","Appointments","المواعيد"
"nav.plan","Business plan","خطة العمل"
"nav.compliance","Compliance","الالتزامات"
"nav.location","Location","الموقع"
"nav.funding","Funding","التمويل"
"nav.experts","Experts","الخبراء"
"nav.invoicing","E-invoicing","الفوترة الإلكترونية"
"entry.title","Your business begins here.","مشروعك يبدأ من هنا."
"entry.subtitle","Bedaya connects your next step, documents, and opportunities in one workspace.","بداية تجمع خطواتك ومستنداتك وفرصك في مساحة واحدة."
"entry.action","Login with SANAD","تسجيل الدخول عبر سند"
"entry.row.0.title","Answer once","أجب مرة واحدة"
"entry.row.0.detail","A profile that follows your whole journey.","ملف يرافقك طوال رحلتك."
"entry.row.1.title","Know your next step","اعرف خطوتك التالية"
"entry.row.1.detail","A clear roadmap for your business.","مسار واضح لمشروعك."
"entry.row.2.title","Move forward together","تقدم مع شركائك"
"entry.row.2.detail","Connect with incubators and banks.","تواصل مع الحاضنات والبنوك."
"consent.title","Connect your identity","ربط هويتك"
"consent.subtitle","Review what Bedaya will receive before continuing.","راجع البيانات التي ستستقبلها بداية قبل المتابعة."
"consent.action","Agree and continue","الموافقة والمتابعة"
"consent.note","This hackathon uses fictional identity data. No real SANAD connection is active.","يستخدم هذا العرض بيانات هوية افتراضية. لا يوجد اتصال فعلي بسند."
"consent.row.0.title","Layla Ahmad","ليلى أحمد"
"consent.row.1.title","••••••4821","••••••4821"
"consent.row.2.title","Irbid","إربد"
"w1.title","What would you like to start?","ما المشروع الذي تريد بدءه؟"
"w1.subtitle","Choose the activity closest to your idea.","اختر النشاط الأقرب لفكرتك."
"w1.options.0","Home bakery","مخبز منزلي"
"w1.options.1","Retail shop","متجر تجزئة"
"w1.options.2","Online store","متجر إلكتروني"
"w1.options.3","Service company","شركة خدمات"
"w2.title","Where will your business be?","أين سيكون مشروعك؟"
"w2.subtitle","Your city helps shape your launch steps.","تساعد مدينتك في تحديد خطوات الإطلاق."
"w2.options.0","Irbid","إربد"
"w2.options.1","Amman","عمّان"
"w2.options.2","Zarqa","الزرقاء"
"w2.options.3","Aqaba","العقبة"
"w3.title","Where will you work?","من أين ستعمل؟"
"w3.subtitle","Home businesses have a dedicated roadmap.","للمشاريع المنزلية مسار مخصص."
"w3.options.0","From home","من المنزل"
"w3.options.1","Rented shop","محل مستأجر"
"w3.options.2","Owned office","مكتب مملوك"
"w4.title","What is your business name?","ما اسم مشروعك؟"
"w4.subtitle","You can change this before submission.","يمكنك تغييره قبل الإرسال."
"w4.value","Layla’s home bakery","مخبز ليلى المنزلي"
"w5.title","Are you starting with partners?","هل تبدأ مع شركاء؟"
"w5.subtitle","Tell us who will own the business.","أخبرنا من سيمتلك المشروع."
"w5.options.0","Just me","أنا فقط"
"w5.options.1","With partners","مع شركاء"
"w6.title","What is your starting capital?","ما رأس المال الأولي؟"
"w6.subtitle","Enter an estimate in Jordanian dinars.","أدخل تقديراً بالدينار الأردني."
"w6.value","2500","2500"
"w7.title","Will anyone work with you?","هل سيعمل أحد معك؟"
"w7.subtitle","We will flag requirements to verify before launch.","سنوضح المتطلبات التي يجب التحقق منها قبل الإطلاق."
"w7.options.0","No employees yet","لا يوجد موظفون حالياً"
"w7.options.1","One employee","موظف واحد"
"w7.options.2","Two or more","اثنان أو أكثر"
"w8.title","What support do you need?","ما الدعم الذي تحتاجه؟"
"w8.subtitle","Choose your first priority.","اختر أولويتك الأولى."
"w8.options.0","Business account","حساب تجاري"
"w8.options.1","Incubator support","دعم حاضنة"
"w8.options.2","Funding","تمويل"
"wizard-review.title","Ready for your next chapter?","هل أنت جاهز للخطوة التالية؟"
"wizard-review.subtitle","Review your answers before creating your roadmap.","راجع إجاباتك قبل إنشاء مسار مشروعك."
"wizard-review.action","Create my roadmap","إنشاء مسار مشروعي"
"wizard-review.row.0.title","Home bakery","مخبز منزلي"
"wizard-review.row.1.title","Irbid","إربد"
"wizard-review.row.2.title","From home","من المنزل"
"wizard-review.row.3.title","2,500 JOD","٢٬٥٠٠ دينار"
"wizard-review.row.4.title","Sole owner","مالك واحد"
"roadmap.title","A clear path to opening day","مسار واضح ليوم الافتتاح"
"roadmap.subtitle","Welcome, Layla. Start with your documents; we’ll keep the next step in sight.","مرحباً ليلى. ابدئي بالمستندات وسنوضح لك الخطوة التالية."
"roadmap.action","Prepare documents","تجهيز المستندات"
"roadmap.note","Home-based track · fee estimate 120 JOD · 7–14 days. All figures are sample data, not official fees.","المسار المنزلي · تكلفة توضيحية ١٢٠ ديناراً · ٧–١٤ يوماً. جميع الأرقام نموذجية وليست رسوماً رسمية."
"roadmap.row.0.title","Confirm identity","تأكيد الهوية"
"roadmap.row.0.detail","Completed","مكتمل"
"roadmap.row.1.title","Prepare documents","تجهيز المستندات"
"roadmap.row.1.detail","Needs action","يتطلب إجراء"
"roadmap.row.2.title","Register business","تسجيل المشروع"
"roadmap.row.2.detail","Locked","مقفل"
"roadmap.row.3.title","Municipal review","مراجعة البلدية"
"roadmap.row.3.detail","Locked","مقفل"
"roadmap.row.4.title","Tax & social security","الضرائب والضمان"
"roadmap.row.4.detail","Locked","مقفل"
"roadmap.row.5.title","Open business account","فتح حساب تجاري"
"roadmap.row.5.detail","Locked","مقفل"
"documents.title","Your documents, together","مستنداتك في مكان واحد"
"documents.subtitle","Upload once. Review extracted details before they are reused.","ارفع مرة واحدة وراجع البيانات المستخرجة قبل إعادة استخدامها."
"documents.action","Review extracted details","مراجعة البيانات المستخرجة"
"documents.row.0.title","National identity","الهوية الوطنية"
"documents.row.0.detail","Verified sample","نموذج موثق"
"documents.row.1.title","Home-use consent","موافقة الاستخدام المنزلي"
"documents.row.1.detail","Missing document","مستند ناقص"
"documents.row.2.title","Address evidence","إثبات العنوان"
"documents.row.2.detail","Blurry sample · replace","نموذج غير واضح · استبداله"
"ocr.title","Check the extracted details","تحقق من البيانات المستخرجة"
"ocr.subtitle","You stay in control of what goes into your forms.","أنت تتحكم بالبيانات المستخدمة في نماذجك."
"ocr.action","Confirm details","تأكيد البيانات"
"ocr.note","Sample OCR preview · edit incorrect fields before confirming.","معاينة استخراج تجريبية · عدّل الحقول غير الصحيحة قبل التأكيد."
"ocr.row.0.title","Layla Ahmad","ليلى أحمد"
"ocr.row.1.title","Layla’s home bakery","مخبز ليلى المنزلي"
"ocr.row.2.title","Irbid","إربد"
"signing.title","Review. Sign. Move forward.","راجع ووقّع وتقدم."
"signing.subtitle","Review each generated document before your demo signature.","راجع كل مستند مولّد قبل التوقيع التجريبي."
"signing.action","Sign all documents","توقيع جميع المستندات"
"signing.note","Demo signature only · no legally binding signature is created.","توقيع تجريبي فقط · لا يتم إنشاء توقيع ملزم قانونياً."
"signing.row.0.title","Registration application","طلب التسجيل"
"signing.row.0.detail","Ready for review","جاهز للمراجعة"
"signing.row.1.title","Home-use declaration","إقرار الاستخدام المنزلي"
"signing.row.1.detail","Ready for review","جاهز للمراجعة"
"signing.row.2.title","Partner consent","موافقة مشاركة البيانات"
"signing.row.2.detail","Ready for review","جاهز للمراجعة"
"signed.title","Your documents are signed","تم توقيع مستنداتك"
"signed.subtitle","Three demo documents are ready for your partner applications.","ثلاثة مستندات تجريبية جاهزة لطلبات الشركاء."
"signed.action","Explore incubators","استكشاف الحاضنات"
"signed.row.0.title","Documents signed","مستندات موقعة"
"signed.row.1.title","Demo audit trail saved","تم حفظ سجل التوقيع التجريبي"
"incubators.title","Find the right support","اعثر على الدعم المناسب"
"incubators.subtitle","Matches explain why each programme fits your business. All partners below are fictional.","توضح الترشيحات سبب ملاءمة كل برنامج. الجهات التالية افتراضية."
"incubators.action","Apply to selected","التقديم للجهات المحددة"
"incubators.row.0.title","North Growth Lab","مختبر نمو الشمال"
"incubators.row.0.detail","Irbid · food businesses · idea stage","إربد · مشاريع غذائية · مرحلة الفكرة"
"incubators.row.1.title","Women Build Hub","مركز رائدات الأعمال"
"incubators.row.1.detail","Home businesses · mentoring · early stage","مشاريع منزلية · إرشاد · مرحلة مبكرة"
"incubators.row.2.title","Launch Collective","ملتقى الانطلاق"
"incubators.row.2.detail","National programme · market access","برنامج وطني · الوصول للأسواق"
"applied.title","Your next connections are on their way","طلباتك جاهزة للمراجعة"
"applied.subtitle","Selected applications are submitted in this demo. You can follow their status here.","تم إرسال الطلبات المحددة تجريبياً ويمكنك متابعة حالتها هنا."
"applied.action","Prepare bank file","تجهيز الملف البنكي"
"applied.row.0.title","Application received","تم استلام الطلب"
"applied.row.1.title","Partner review","مراجعة الشريك"
"bank.title","A complete file for your bank","ملف متكامل لبنكك"
"bank.subtitle","Review your profile, signed documents, and business plan in one package.","راجع ملفك ومستنداتك الموقعة وخطة العمل في حزمة واحدة."
"bank.action","Review and send","المراجعة والإرسال"
"bank.options.0","Demo SME Bank","بنك المشاريع التجريبي"
"bank.options.1","Demo Community Bank","بنك المجتمع التجريبي"
"bank.row.0.title","Business profile","ملف المشروع"
"bank.row.0.detail","Complete","مكتمل"
"bank.row.1.title","Signed documents","المستندات الموقعة"
"bank.row.1.detail","3 documents","٣ مستندات"
"bank.row.2.title","Business plan","خطة العمل"
"bank.row.2.detail","Draft ready","المسودة جاهزة"
"bank-sent.title","Bank file submitted","تم إرسال الملف البنكي"
"bank-sent.subtitle","Your sample bank has received the demo package.","استقبل البنك النموذجي الحزمة التجريبية."
"bank-sent.action","Book a visit","حجز زيارة"
"bank-sent.row.0.title","Submission reference","مرجع الإرسال"
"bank-sent.row.1.title","Awaiting partner response","بانتظار رد الشريك"
"assistant.title","A little clarity, whenever you need it","إجابة واضحة عندما تحتاجها"
"assistant.subtitle","Ask about your documents, roadmap, or next step.","اسأل عن مستنداتك أو مسار مشروعك أو الخطوة التالية."
"assistant.row.0.title","What should I prepare for the home-business review?","ماذا أجهز لمراجعة المشروع المنزلي؟"
"assistant.row.1.title","In this demo, prepare your identity, address evidence, and home-use consent. Confirm the exact requirements with your municipality before applying.","في هذا العرض، جهز الهوية وإثبات العنوان وموافقة الاستخدام المنزلي. تحقق من المتطلبات الدقيقة لدى البلدية قبل التقديم."
"notifications.title","Stay one step ahead","ابق على اطلاع"
"notifications.subtitle","Updates that matter to your launch.","تحديثات مهمة لإطلاق مشروعك."
"notifications.action","Mark all as read","تحديد الكل كمقروء"
"notifications.row.0.title","Your bank file was received","تم استلام ملفك البنكي"
"notifications.row.0.detail","Application BD-1042","الطلب BD-1042"
"notifications.row.1.title","A clearer address document is needed","نحتاج مستند عنوان أوضح"
"notifications.row.1.detail","Open your document vault","افتح خزنة المستندات"
"notifications.row.2.title","Your visit is coming up","موعد زيارتك يقترب"
"notifications.row.2.detail","Review your appointment","راجع موعدك"
"appointments.title","Make room for your next step","حدد موعداً لخطوتك التالية"
"appointments.subtitle","Choose a partner and a time that works for you.","اختر الجهة والوقت المناسب لك."
"appointments.action","Book appointment","حجز موعد"
"appointments.options.0","Demo SME Bank","بنك المشاريع التجريبي"
"appointments.options.1","North Growth Lab","مختبر نمو الشمال"
"appointments.options.2","Municipality demo desk","مكتب البلدية التجريبي"
"appointments.row.0.title","Monday · 12 October","الاثنين · ١٢ أكتوبر"
"appointments.row.0.detail","09:00 · 11:30 · 14:00","09:00 · 11:30 · 14:00"
"appointments.row.1.title","Tuesday · 13 October","الثلاثاء · ١٣ أكتوبر"
"appointments.row.1.detail","10:00 · 13:00","10:00 · 13:00"
"plan.title","Your idea, on paper","فكرتك على الورق"
"plan.subtitle","A concise plan built from your answers. Review it before sharing.","خطة مختصرة من إجاباتك. راجعها قبل المشاركة."
"plan.action","Download plan","تنزيل الخطة"
"plan.row.0.title","Business summary","ملخص المشروع"
"plan.row.0.detail","A home bakery in Irbid offering made-to-order pastries.","مخبز منزلي في إربد يقدم معجنات حسب الطلب."
"plan.row.1.title","Customers & channels","العملاء والقنوات"
"plan.row.1.detail","Local families; direct orders and social media.","العائلات المحلية؛ الطلب المباشر ووسائل التواصل."
"plan.row.2.title","Starting resources","الموارد الأولية"
"plan.row.2.detail","Sample capital: 2,500 JOD. Owner-operated at home.","رأس مال نموذجي: ٢٬٥٠٠ دينار. تديره المالكة من المنزل."
"compliance.title","Keep your business on track","حافظ على انتظام مشروعك"
"compliance.subtitle","A calendar for obligations after launch. Dates below are illustrative.","تقويم للالتزامات بعد الإطلاق. التواريخ التالية توضيحية."
"compliance.row.0.title","Tax review","مراجعة الضرائب"
"compliance.row.0.detail","Confirm applicability and dates","تحقق من الانطباق والمواعيد"
"compliance.row.1.title","Social security review","مراجعة الضمان الاجتماعي"
"compliance.row.1.detail","Confirm if employees are registered","تحقق من تسجيل الموظفين"
"compliance.row.2.title","License renewal reminder","تذكير تجديد الترخيص"
"compliance.row.2.detail","Review with issuing authority","راجع الجهة المصدرة"
"location.title","Check before you commit","تحقق قبل أن تلتزم"
"location.subtitle","Preview an address check before choosing premises.","عاين فحص العنوان قبل اختيار موقع المشروع."
"location.action","Check address","فحص العنوان"
"location.note","Illustrative zoning result; not an official approval.","نتيجة تنظيمية توضيحية؛ ليست موافقة رسمية."
"location.row.0.title","Irbid · sample residential zone","إربد · منطقة سكنية نموذجية"
"location.row.0.detail","Conditional match · municipality review required","توافق مشروط · تتطلب مراجعة البلدية"
"funding.title","Funding that fits your stage","تمويل يناسب مرحلتك"
"funding.subtitle","Compare fictional offers for your demo business profile.","قارن عروضاً افتراضية لملف مشروعك التجريبي."
"funding.row.0.title","Demo Launch Grant","منحة الانطلاق التجريبية"
"funding.row.0.detail","Up to 3,000 JOD · early-stage businesses","حتى ٣٬٠٠٠ دينار · مشاريع مبكرة"
"funding.row.1.title","Demo Microfinance","التمويل الأصغر التجريبي"
"funding.row.1.detail","1,000–5,000 JOD · terms require review","١٬٠٠٠–٥٬٠٠٠ دينار · مراجعة الشروط"
"funding.row.2.title","Demo Equipment Support","دعم المعدات التجريبي"
"funding.row.2.detail","Equipment contribution · food businesses","مساهمة في المعدات · مشاريع غذائية"
"experts.title","Get help with the hard part","احصل على مساعدة عند الحاجة"
"experts.subtitle","Fictional expert profiles for the hackathon prototype.","ملفات خبراء افتراضية لنموذج الهاكاثون."
"experts.row.0.title","Sara Ali","سارة علي"
"experts.row.0.detail","Accountant · tax registration · 25 JOD sample session","محاسبة · التسجيل الضريبي · جلسة نموذجية ٢٥ ديناراً"
"experts.row.1.title","Omar Khalil","عمر خليل"
"experts.row.1.detail","Legal advisor · registration · 35 JOD sample session","مستشار قانوني · التسجيل · جلسة نموذجية ٣٥ ديناراً"
"invoicing.title","Prepare for e-invoicing","استعد للفوترة الإلكترونية"
"invoicing.subtitle","Review business details before connecting to a real service.","راجع بيانات المشروع قبل الربط بخدمة فعلية."
"invoicing.action","Save readiness checklist","حفظ قائمة الجاهزية"
"invoicing.row.0.title","Business details","بيانات المشروع"
"invoicing.row.0.detail","Ready","جاهزة"
"invoicing.row.1.title","Tax number","الرقم الضريبي"
"invoicing.row.1.detail","Needs confirmation","يحتاج إلى تأكيد"
"invoicing.row.2.title","Invoice template","نموذج الفاتورة"
"invoicing.row.2.detail","Draft","مسودة"
"invoicing.row.3.title","Service connection","ربط الخدمة"
"invoicing.row.3.detail","Not connected in demo","غير متصل في العرض"
"partner.title","A better start for every application","بداية أفضل لكل طلب"
"partner.subtitle","Review complete profiles and keep owners informed.","راجع الملفات وأبق أصحاب المشاريع على اطلاع."
"partner.action","Review application","مراجعة الطلب"
"partner.row.0.title","Layla’s home bakery","مخبز ليلى المنزلي"
"partner.row.0.detail","New · Irbid · home business","جديد · إربد · مشروع منزلي"
"partner.row.1.title","Demo online store","متجر إلكتروني تجريبي"
"partner.row.1.detail","In review · Amman","قيد المراجعة · عمّان"
"partner.row.2.title","Demo service company","شركة خدمات تجريبية"
"partner.row.2.detail","Approved · Zarqa","مقبول · الزرقاء"
"application.title","Layla’s home bakery","مخبز ليلى المنزلي"
"application.subtitle","Application BD-1042 · received today · sample profile","الطلب BD-1042 · وصل اليوم · ملف نموذجي"
"application.row.0.title","Owner profile","ملف المالكة"
"application.row.0.detail","Demo verified identity","هوية موثقة تجريبياً"
"application.row.1.title","Documents","المستندات"
"application.row.1.detail","Address evidence needs replacement","يحتاج إثبات العنوان إلى استبدال"
"application.row.2.title","Business plan","خطة العمل"
"application.row.2.detail","Ready for review","جاهزة للمراجعة"
"admin.title","Manage the launch framework","إدارة إطار إطلاق المشاريع"
"admin.subtitle","Maintain the demo steps, rules, fees, partners, and user access.","إدارة الخطوات والقواعد والرسوم والشركاء وصلاحيات المستخدمين التجريبية."
"admin.action","Save changes","حفظ التغييرات"
"admin.row.0.title","Home bakery · Irbid","مخبز منزلي · إربد"
"admin.row.0.detail","6 steps · draft rules","٦ خطوات · قواعد مسودة"
"admin.row.1.title","Municipal review fee","رسوم مراجعة البلدية"
"admin.row.1.detail","Sample 50 JOD · unverified","٥٠ ديناراً نموذجياً · غير موثقة"
"admin.row.2.title","North Growth Lab","مختبر نمو الشمال"
"admin.row.2.detail","Active demo partner","شريك تجريبي نشط"
"admin.row.3.title","Layla Ahmad","ليلى أحمد"
"admin.row.3.detail","Owner · demo access","مالكة · وصول تجريبي"
"analytics.title","See where progress slows","اعرف أين يتباطأ التقدم"
"analytics.subtitle","Anonymous, synthetic data helps identify friction in the journey.","بيانات اصطناعية مجهولة توضح نقاط التعثر في الرحلة."
"analytics.row.0.title","Municipal review","مراجعة البلدية"
"analytics.row.0.detail","Average days · 22% sample drop-off","متوسط الأيام · تسرب نموذجي ٢٢٪"
"analytics.row.1.title","Document preparation","تجهيز المستندات"
"analytics.row.1.detail","Average days · 14% sample drop-off","متوسط الأيام · تسرب نموذجي ١٤٪"
"analytics.row.2.title","Bank review","مراجعة البنك"
"analytics.row.2.detail","Average days · 8% sample drop-off","متوسط الأيام · تسرب نموذجي ٨٪"
"analytics.row.3.title","Business registration","تسجيل المشروع"
"analytics.row.3.detail","Average days · 5% sample drop-off","متوسط الأيام · تسرب نموذجي ٥٪"
"entry.visible.0","Bedaya","Bedaya"
"entry.visible.10","01","01"
"entry.visible.13","02","02"
"entry.visible.16","03","03"
"entry.visible.19","Interactive demo · sample data · SANAD demo connection","عرض تجريبي · بيانات نموذجية · اتصال سند التجريبي"
"consent.visible.9","Name","الاسم"
"consent.visible.11","National ID","الرقم الوطني"
"consent.visible.13","City","المدينة"
"w1.visible.23","STEP 1 OF 8","الخطوة 1 من ٨"
"w2.visible.23","STEP 2 OF 8","الخطوة 2 من ٨"
"w3.visible.23","STEP 3 OF 8","الخطوة 3 من ٨"
"w4.visible.23","STEP 4 OF 8","الخطوة 4 من ٨"
"w5.visible.23","STEP 5 OF 8","الخطوة 5 من ٨"
"w5.visible.28","Number of partners","عدد الشركاء"
"w6.visible.23","STEP 6 OF 8","الخطوة 6 من ٨"
"w7.visible.23","STEP 7 OF 8","الخطوة 7 من ٨"
"w8.visible.23","STEP 8 OF 8","الخطوة 8 من ٨"
"roadmap.visible.26","17%","17%"
"roadmap.visible.27","Roadmap complete","اكتمال المسار"
"roadmap.visible.28","120 JOD","120 JOD"
"roadmap.visible.29","Illustrative estimate","تقدير توضيحي"
"roadmap.visible.30","7–14","7–14"
"roadmap.visible.31","Sample days","أيام نموذجية"
"roadmap.visible.41","04","04"
"roadmap.visible.44","05","05"
"roadmap.visible.47","06","06"
"documents.visible.26","ID","هوية"
"documents.visible.29","HOME","منزل"
"documents.visible.32","ADDR","عنوان"
"documents.visible.35","Required: a clearer copy of address evidence","مطلوب: نسخة أوضح من إثبات العنوان"
"ocr.visible.26","Sample document preview","معاينة المستند النموذجي"
"ocr.visible.28","Full name","الاسم الكامل"
"ocr.visible.29","Business name","اسم المشروع"
"signing.visible.35","I reviewed the documents and agree to a demo signature.","راجعت المستندات وأوافق على التوقيع التجريبي."
"signed.visible.26","✓","✓"
"signed.visible.29","Today","اليوم"
"incubators.visible.26","94%","94%"
"incubators.visible.29","87%","87%"
"incubators.visible.32","79%","79%"
"bank-sent.visible.27","BD-1042","BD-1042"
"assistant.visible.26","You","أنت"
"assistant.visible.30","Send","إرسال"
"notifications.visible.32","Tomorrow","غداً"
"appointments.visible.26","1","1"
"appointments.visible.27","2","2"
"appointments.visible.28","3","3"
"appointments.visible.29","4","4"
"appointments.visible.30","5","5"
"appointments.visible.31","6","6"
"appointments.visible.32","7","7"
"appointments.visible.33","8","8"
"appointments.visible.34","9","9"
"appointments.visible.35","10","10"
"appointments.visible.36","11","11"
"appointments.visible.37","12","12"
"appointments.visible.38","13","13"
"appointments.visible.39","14","14"
"appointments.visible.40","15","15"
"appointments.visible.41","16","16"
"appointments.visible.42","17","17"
"appointments.visible.43","18","18"
"appointments.visible.44","19","19"
"appointments.visible.45","20","20"
"appointments.visible.46","21","21"
"appointments.visible.47","22","22"
"appointments.visible.48","23","23"
"appointments.visible.49","24","24"
"appointments.visible.50","25","25"
"appointments.visible.51","26","26"
"appointments.visible.52","27","27"
"appointments.visible.53","28","28"
"appointments.visible.54","29","29"
"appointments.visible.55","30","30"
"appointments.visible.56","31","31"
"appointments.visible.61","Available slot","الموعد المتاح"
"appointments.visible.62","12 Oct · 09:00","12 Oct · 09:00"
"appointments.visible.63","12 Oct · 11:30","12 Oct · 11:30"
"appointments.visible.64","13 Oct · 10:00","13 Oct · 10:00"
"compliance.visible.57","15 NOV","15 NOV"
"compliance.visible.60","01 DEC","01 DEC"
"compliance.visible.63","01 OCT","01 OCT"
"location.visible.26","Address","العنوان"
"location.visible.27","Sample location","الموقع النموذجي"
"funding.visible.26","Offer type","نوع العرض"
"funding.visible.27","All","الكل"
"funding.visible.28","Grants","منح"
"funding.visible.29","Loans","قروض"
"funding.visible.30","GRANT","منحة"
"funding.visible.33","LOAN","قرض"
"funding.visible.36","SUPPORT","دعم"
"experts.visible.26","SA","SA"
"experts.visible.29","Book","حجز"
"experts.visible.30","OK","OK"
"partner.visible.8","Applications","الطلبات"
"partner.visible.17","BD-1039","BD-1039"
"partner.visible.20","BD-1036","BD-1036"
"application.visible.13","PROFILE","الملف"
"application.visible.16","DOCS","مستندات"
"application.visible.19","PLAN","خطة"
"application.visible.22","Approve","الموافقة"
"application.visible.23","Request document","طلب مستند"
"application.visible.24","Reject","رفض"
"admin.visible.8","Management","الإدارة"
"admin.visible.9","Analytics","التحليلات"
"admin.visible.14","Rules","القواعد"
"admin.visible.15","Fees","الرسوم"
"admin.visible.16","Partners","الشركاء"
"admin.visible.17","Users","المستخدمون"
"admin.visible.18","RULE","قاعدة"
"admin.visible.21","FEE","رسوم"
"admin.visible.24","PARTNER","شريك"
"admin.visible.27","USER","مستخدم"
"admin.visible.30","Editable sample value","قيمة نموذجية قابلة للتعديل"
"admin.visible.31","View analytics","عرض التحليلات"
"analytics.visible.14","4.8","4.8"
"analytics.visible.17","2.6","2.6"
"analytics.visible.20","1.4","1.4"
"analytics.visible.23","0.8","0.8"