device,language,screen,check,result
"Laptop","en","entry","No horizontal overflow","PASS"
"Laptop","en","consent","No horizontal overflow","PASS"
"Laptop","en","w1","No horizontal overflow","PASS"
"Laptop","en","w2","No horizontal overflow","PASS"
"Laptop","en","w3","No horizontal overflow","PASS"
"Laptop","en","w4","No horizontal overflow","PASS"
"Laptop","en","w5","No horizontal overflow","PASS"
"Laptop","en","w6","No horizontal overflow","PASS"
"Laptop","en","w7","No horizontal overflow","PASS"
"Laptop","en","w8","No horizontal overflow","PASS"
"Laptop","en","wizard-review","No horizontal overflow","PASS"
"Laptop","en","roadmap","No horizontal overflow","PASS"
"Laptop","en","documents","No horizontal overflow","PASS"
"Laptop","en","ocr","No horizontal overflow","PASS"
"Laptop","en","signing","No horizontal overflow","PASS"
"Laptop","en","signed","No horizontal overflow","PASS"
"Laptop","en","incubators","No horizontal overflow","PASS"
"Laptop","en","applied","No horizontal overflow","PASS"
"Laptop","en","bank","No horizontal overflow","PASS"
"Laptop","en","bank-sent","No horizontal overflow","PASS"
"Laptop","en","assistant","No horizontal overflow","PASS"
"Laptop","en","notifications","No horizontal overflow","PASS"
"Laptop","en","appointments","No horizontal overflow","PASS"
"Laptop","en","plan","No horizontal overflow","PASS"
"Laptop","en","compliance","No horizontal overflow","PASS"
"Laptop","en","location","No horizontal overflow","PASS"
"Laptop","en","funding","No horizontal overflow","PASS"
"Laptop","en","experts","No horizontal overflow","PASS"
"Laptop","en","invoicing","No horizontal overflow","PASS"
"Laptop","en","partner","No horizontal overflow","PASS"
"Laptop","en","application","No horizontal overflow","PASS"
"Laptop","en","admin","No horizontal overflow","PASS"
"Laptop","en","analytics","No horizontal overflow","PASS"
"Laptop","ar","entry","No horizontal overflow","PASS"
"Laptop","ar","consent","No horizontal overflow","PASS"
"Laptop","ar","w1","No horizontal overflow","PASS"
"Laptop","ar","w2","No horizontal overflow","PASS"
"Laptop","ar","w3","No horizontal overflow","PASS"
"Laptop","ar","w4","No horizontal overflow","PASS"
"Laptop","ar","w5","No horizontal overflow","PASS"
"Laptop","ar","w6","No horizontal overflow","PASS"
"Laptop","ar","w7","No horizontal overflow","PASS"
"Laptop","ar","w8","No horizontal overflow","PASS"
"Laptop","ar","wizard-review","No horizontal overflow","PASS"
"Laptop","ar","roadmap","No horizontal overflow","PASS"
"Laptop","ar","documents","No horizontal overflow","PASS"
"Laptop","ar","ocr","No horizontal overflow","PASS"
"Laptop","ar","signing","No horizontal overflow","PASS"
"Laptop","ar","signed","No horizontal overflow","PASS"
"Laptop","ar","incubators","No horizontal overflow","PASS"
"Laptop","ar","applied","No horizontal overflow","PASS"
"Laptop","ar","bank","No horizontal overflow","PASS"
"Laptop","ar","bank-sent","No horizontal overflow","PASS"
"Laptop","ar","assistant","No horizontal overflow","PASS"
"Laptop","ar","notifications","No horizontal overflow","PASS"
"Laptop","ar","appointments","No horizontal overflow","PASS"
"Laptop","ar","plan","No horizontal overflow","PASS"
"Laptop","ar","compliance","No horizontal overflow","PASS"
"Laptop","ar","location","No horizontal overflow","PASS"
"Laptop","ar","funding","No horizontal overflow","PASS"
"Laptop","ar","experts","No horizontal overflow","PASS"
"Laptop","ar","invoicing","No horizontal overflow","PASS"
"Laptop","ar","partner","No horizontal overflow","PASS"
"Laptop","ar","application","No horizontal overflow","PASS"
"Laptop","ar","admin","No horizontal overflow","PASS"
"Laptop","ar","analytics","No horizontal overflow","PASS"
"Laptop","en","w1","Required answer validation","PASS"
"Laptop","en","signing","Consent required for signing","PASS"
"Laptop","en","bank-sent","Complete owner demo path","PASS"
"Laptop","ar","roadmap","Language survives refresh","PASS"
"Android viewport","en","entry","No horizontal overflow","PASS"
"Android viewport","en","consent","No horizontal overflow","PASS"
"Android viewport","en","w1","No horizontal overflow","PASS"
"Android viewport","en","w2","No horizontal overflow","PASS"
"Android viewport","en","w3","No horizontal overflow","PASS"
"Android viewport","en","w4","No horizontal overflow","PASS"
"Android viewport","en","w5","No horizontal overflow","PASS"
"Android viewport","en","w6","No horizontal overflow","PASS"
"Android viewport","en","w7","No horizontal overflow","PASS"
"Android viewport","en","w8","No horizontal overflow","PASS"
"Android viewport","en","wizard-review","No horizontal overflow","PASS"
"Android viewport","en","roadmap","No horizontal overflow","PASS"
"Android viewport","en","documents","No horizontal overflow","PASS"
"Android viewport","en","ocr","No horizontal overflow","PASS"
"Android viewport","en","signing","No horizontal overflow","PASS"
"Android viewport","en","signed","No horizontal overflow","PASS"
"Android viewport","en","incubators","No horizontal overflow","PASS"
"Android viewport","en","applied","No horizontal overflow","PASS"
"Android viewport","en","bank","No horizontal overflow","PASS"
"Android viewport","en","bank-sent","No horizontal overflow","PASS"
"Android viewport","en","assistant","No horizontal overflow","PASS"
"Android viewport","en","notifications","No horizontal overflow","PASS"
"Android viewport","en","appointments","No horizontal overflow","PASS"
"Android viewport","en","plan","No horizontal overflow","PASS"
"Android viewport","en","compliance","No horizontal overflow","PASS"
"Android viewport","en","location","No horizontal overflow","PASS"
"Android viewport","en","funding","No horizontal overflow","PASS"
"Android viewport","en","experts","No horizontal overflow","PASS"
"Android viewport","en","invoicing","No horizontal overflow","PASS"
"Android viewport","en","partner","No horizontal overflow","PASS"
"Android viewport","en","application","No horizontal overflow","PASS"
"Android viewport","en","admin","No horizontal overflow","PASS"
"Android viewport","en","analytics","No horizontal overflow","PASS"
"Android viewport","ar","entry","No horizontal overflow","PASS"
"Android viewport","ar","consent","No horizontal overflow","PASS"
"Android viewport","ar","w1","No horizontal overflow","PASS"
"Android viewport","ar","w2","No horizontal overflow","PASS"
"Android viewport","ar","w3","No horizontal overflow","PASS"
"Android viewport","ar","w4","No horizontal overflow","PASS"
"Android viewport","ar","w5","No horizontal overflow","PASS"
"Android viewport","ar","w6","No horizontal overflow","PASS"
"Android viewport","ar","w7","No horizontal overflow","PASS"
"Android viewport","ar","w8","No horizontal overflow","PASS"
"Android viewport","ar","wizard-review","No horizontal overflow","PASS"
"Android viewport","ar","roadmap","No horizontal overflow","PASS"
"Android viewport","ar","documents","No horizontal overflow","PASS"
"Android viewport","ar","ocr","No horizontal overflow","PASS"
"Android viewport","ar","signing","No horizontal overflow","PASS"
"Android viewport","ar","signed","No horizontal overflow","PASS"
"Android viewport","ar","incubators","No horizontal overflow","PASS"
"Android viewport","ar","applied","No horizontal overflow","PASS"
"Android viewport","ar","bank","No horizontal overflow","PASS"
"Android viewport","ar","bank-sent","No horizontal overflow","PASS"
"Android viewport","ar","assistant","No horizontal overflow","PASS"
"Android viewport","ar","notifications","No horizontal overflow","PASS"
"Android viewport","ar","appointments","No horizontal overflow","PASS"
"Android viewport","ar","plan","No horizontal overflow","PASS"
"Android viewport","ar","compliance","No horizontal overflow","PASS"
"Android viewport","ar","location","No horizontal overflow","PASS"
"Android viewport","ar","funding","No horizontal overflow","PASS"
"Android viewport","ar","experts","No horizontal overflow","PASS"
"Android viewport","ar","invoicing","No horizontal overflow","PASS"
"Android viewport","ar","partner","No horizontal overflow","PASS"
"Android viewport","ar","application","No horizontal overflow","PASS"
"Android viewport","ar","admin","No horizontal overflow","PASS"
"Android viewport","ar","analytics","No horizontal overflow","PASS"
"iPhone viewport","en","entry","No horizontal overflow","PASS"
"iPhone viewport","en","consent","No horizontal overflow","PASS"
"iPhone viewport","en","w1","No horizontal overflow","PASS"
"iPhone viewport","en","w2","No horizontal overflow","PASS"
"iPhone viewport","en","w3","No horizontal overflow","PASS"
"iPhone viewport","en","w4","No horizontal overflow","PASS"
"iPhone viewport","en","w5","No horizontal overflow","PASS"
"iPhone viewport","en","w6","No horizontal overflow","PASS"
"iPhone viewport","en","w7","No horizontal overflow","PASS"
"iPhone viewport","en","w8","No horizontal overflow","PASS"
"iPhone viewport","en","wizard-review","No horizontal overflow","PASS"
"iPhone viewport","en","roadmap","No horizontal overflow","PASS"
"iPhone viewport","en","documents","No horizontal overflow","PASS"
"iPhone viewport","en","ocr","No horizontal overflow","PASS"
"iPhone viewport","en","signing","No horizontal overflow","PASS"
"iPhone viewport","en","signed","No horizontal overflow","PASS"
"iPhone viewport","en","incubators","No horizontal overflow","PASS"
"iPhone viewport","en","applied","No horizontal overflow","PASS"
"iPhone viewport","en","bank","No horizontal overflow","PASS"
"iPhone viewport","en","bank-sent","No horizontal overflow","PASS"
"iPhone viewport","en","assistant","No horizontal overflow","PASS"
"iPhone viewport","en","notifications","No horizontal overflow","PASS"
"iPhone viewport","en","appointments","No horizontal overflow","PASS"
"iPhone viewport","en","plan","No horizontal overflow","PASS"
"iPhone viewport","en","compliance","No horizontal overflow","PASS"
"iPhone viewport","en","location","No horizontal overflow","PASS"
"iPhone viewport","en","funding","No horizontal overflow","PASS"
"iPhone viewport","en","experts","No horizontal overflow","PASS"
"iPhone viewport","en","invoicing","No horizontal overflow","PASS"
"iPhone viewport","en","partner","No horizontal overflow","PASS"
"iPhone viewport","en","application","No horizontal overflow","PASS"
"iPhone viewport","en","admin","No horizontal overflow","PASS"
"iPhone viewport","en","analytics","No horizontal overflow","PASS"
"iPhone viewport","ar","entry","No horizontal overflow","PASS"
"iPhone viewport","ar","consent","No horizontal overflow","PASS"
"iPhone viewport","ar","w1","No horizontal overflow","PASS"
"iPhone viewport","ar","w2","No horizontal overflow","PASS"
"iPhone viewport","ar","w3","No horizontal overflow","PASS"
"iPhone viewport","ar","w4","No horizontal overflow","PASS"
"iPhone viewport","ar","w5","No horizontal overflow","PASS"
"iPhone viewport","ar","w6","No horizontal overflow","PASS"
"iPhone viewport","ar","w7","No horizontal overflow","PASS"
"iPhone viewport","ar","w8","No horizontal overflow","PASS"
"iPhone viewport","ar","wizard-review","No horizontal overflow","PASS"
"iPhone viewport","ar","roadmap","No horizontal overflow","PASS"
"iPhone viewport","ar","documents","No horizontal overflow","PASS"
"iPhone viewport","ar","ocr","No horizontal overflow","PASS"
"iPhone viewport","ar","signing","No horizontal overflow","PASS"
"iPhone viewport","ar","signed","No horizontal overflow","PASS"
"iPhone viewport","ar","incubators","No horizontal overflow","PASS"
"iPhone viewport","ar","applied","No horizontal overflow","PASS"
"iPhone viewport","ar","bank","No horizontal overflow","PASS"
"iPhone viewport","ar","bank-sent","No horizontal overflow","PASS"
"iPhone viewport","ar","assistant","No horizontal overflow","PASS"
"iPhone viewport","ar","notifications","No horizontal overflow","PASS"
"iPhone viewport","ar","appointments","No horizontal overflow","PASS"
"iPhone viewport","ar","plan","No horizontal overflow","PASS"
"iPhone viewport","ar","compliance","No horizontal overflow","PASS"
"iPhone viewport","ar","location","No horizontal overflow","PASS"
"iPhone viewport","ar","funding","No horizontal overflow","PASS"
"iPhone viewport","ar","experts","No horizontal overflow","PASS"
"iPhone viewport","ar","invoicing","No horizontal overflow","PASS"
"iPhone viewport","ar","partner","No horizontal overflow","PASS"
"iPhone viewport","ar","application","No horizontal overflow","PASS"
"iPhone viewport","ar","admin","No horizontal overflow","PASS"
"iPhone viewport","ar","analytics","No horizontal overflow","PASS"