screen_id,features,kind,english_title,arabic_title
"entry","7","entry","Your business begins here.","مشروعك يبدأ من هنا."
"consent","7","consent","Connect your identity","ربط هويتك"
"w1","1","wizard","What would you like to start?","ما المشروع الذي تريد بدءه؟"
"w2","1","wizard","Where will your business be?","أين سيكون مشروعك؟"
"w3","13","wizard","Where will you work?","من أين ستعمل؟"
"w4","1","wizard","What is your business name?","ما اسم مشروعك؟"
"w5","1","wizard","Are you starting with partners?","هل تبدأ مع شركاء؟"
"w6","1","wizard","What is your starting capital?","ما رأس المال الأولي؟"
"w7","13","wizard","Will anyone work with you?","هل سيعمل أحد معك؟"
"w8","1","wizard","What support do you need?","ما الدعم الذي تحتاجه؟"
"wizard-review","1","review","Ready for your next chapter?","هل أنت جاهز للخطوة التالية؟"
"roadmap","2;10;13","roadmap","A clear path to opening day","مسار واضح ليوم الافتتاح"
"documents","3;9","documents","Your documents, together","مستنداتك في مكان واحد"
"ocr","3","ocr","Check the extracted details","تحقق من البيانات المستخرجة"
"signing","4","signing","Review. Sign. Move forward.","راجع ووقّع وتقدم."
"signed","4","success","Your documents are signed","تم توقيع مستنداتك"
"incubators","5","matches","Find the right support","اعثر على الدعم المناسب"
"applied","5","success","Your next connections are on their way","طلباتك جاهزة للمراجعة"
"bank","6","bank","A complete file for your bank","ملف متكامل لبنكك"
"bank-sent","6","success","Bank file submitted","تم إرسال الملف البنكي"
"assistant","8","chat","A little clarity, whenever you need it","إجابة واضحة عندما تحتاجها"
"notifications","11","notifications","Stay one step ahead","ابق على اطلاع"
"appointments","12","calendar","Make room for your next step","حدد موعداً لخطوتك التالية"
"plan","14","plan","Your idea, on paper","فكرتك على الورق"
"compliance","17","compliance","Keep your business on track","حافظ على انتظام مشروعك"
"location","18","location","Check before you commit","تحقق قبل أن تلتزم"
"funding","19","funding","Funding that fits your stage","تمويل يناسب مرحلتك"
"experts","20","experts","Get help with the hard part","احصل على مساعدة عند الحاجة"
"invoicing","21","invoicing","Prepare for e-invoicing","استعد للفوترة الإلكترونية"
"partner","15","partner","A better start for every application","بداية أفضل لكل طلب"
"application","15","application","Layla’s home bakery","مخبز ليلى المنزلي"
"admin","16","admin","Manage the launch framework","إدارة إطار إطلاق المشاريع"
"analytics","22","analytics","See where progress slows","اعرف أين يتباطأ التقدم"