office_id,name_en,name_ar,city,hours,website
MIT,Ministry of Industry Trade and Supply,وزارة الصناعة والتجارة والتموين,Amman,Sun-Thu 08:30-15:00,https://www.mit.gov.jo
CCD,Companies Control Department,دائرة مراقبة الشركات,Amman,Sun-Thu 08:30-15:00,https://www.ccd.gov.jo
GAM,Greater Amman Municipality,أمانة عمّان الكبرى,Amman,Sun-Thu 08:00-15:00,https://www.ammancity.gov.jo
ACC,Amman Chamber of Commerce,غرفة تجارة عمّان,Amman,Sun-Thu 08:00-15:30,https://www.ammanchamber.org.jo
ISTD,Income and Sales Tax Department,دائرة ضريبة الدخل والمبيعات,Amman,Sun-Thu 08:30-15:00,https://www.istd.gov.jo
SSC,Social Security Corporation,المؤسسة العامة للضمان الاجتماعي,Amman,Sun-Thu 08:30-15:00,https://www.ssc.gov.jo
MOH,Ministry of Health,وزارة الصحة,Amman,Sun-Thu 08:00-14:30,https://www.moh.gov.jo
CDD,Civil Defense Directorate,مديرية الدفاع المدني,Amman,Sun-Thu 08:00-14:00,https://www.cdd.gov.jo
CSPD,Civil Status and Passports Department,دائرة الأحوال المدنية والجوازات,Amman,Sun-Thu 08:00-15:00,https://www.cspd.gov.jo
