legal_form,step_order,step_id,title_en,title_ar,office_id,required_docs,fee_min_jod,fee_max_jod,fee_note_en,fee_note_ar,days,days_note_en,days_note_ar,condition,notes_en,notes_ar,source_ids,fee_verified,days_verified
home_business,1,reserve_trade_name,Register a trade name,تسجيل الاسم التجاري,MIT,national_id,20,30,"20 JOD registration (+10 JOD if you ask for a name search first); 3 JOD per extra certificate copy","20 ديناراً للتسجيل (+10 دنانير إذا طلبت التحري عن الاسم أولاً)؛ 3 دنانير لكل نسخة إضافية من الشهادة",0,Same visit as the trader registration,في نفس زيارة تسجيل التاجر,optional,"Only if you want a trade name for your business.","فقط إذا أردت اسماً تجارياً لمشروعك.",S4;S8,yes,yes
home_business,2,register_sole_proprietorship,Register as a trader (Commercial Registry),التسجيل كتاجر (السجل التجاري),MIT,national_id;service_booklet@if_male_born_1989_plus,15,45,"5 JOD certificate + registration fee by capital: 10 JOD under 20,000 JOD, then 20 / 30 / 40 JOD; extra copies 3 JOD each","5 دنانير شهادة + رسم قيد حسب رأس المال: 10 دنانير لأقل من 20,000 دينار، ثم 20 / 30 / 40 ديناراً؛ النسخة الإضافية 3 دنانير",0,"Same day: about 15-75 minutes at MIT, paid in cash","في نفس اليوم: حوالي 15 إلى 75 دقيقة في الوزارة، والدفع نقداً",always,"Take a queue number at MIT in Abdali (outside Amman, the MIT directorate in your governorate) and fill in the trader declaration and pledge forms. Minimum declared capital is 1,000 JOD and no deposit is needed.","خذ رقم دور في الوزارة في العبدلي (وخارج عمّان مديرية الصناعة والتجارة في محافظتك) واملأ نموذجي تصريح احتراف التجارة والتعهد. الحد الأدنى لرأس المال المصرح به 1,000 دينار ولا يشترط إيداعه.",S1;S5;S8,yes,yes
home_business,3,chamber_of_industry,Join the Amman Chamber of Industry,الانتساب لغرفة صناعة عمّان,ACI,registration_certificate;lease_contract@if_rented;property_ownership_document;national_id;trade_name_certificate@if_trade_name,40,175,"Annual fee by capital (20 JOD under 10,000 JOD; 30 / 40 / 70 JOD above) + registration fee of 50% of the annual fee + community service fee (10 JOD under 10,000; 20 / 20 / 70 above). Under 10,000 JOD of capital it's 40 JOD.","اشتراك سنوي حسب رأس المال (20 ديناراً لأقل من 10,000؛ 30 / 40 / 70 ديناراً لما فوق) + رسم تسجيل بنسبة 50% من الاشتراك السنوي + رسم خدمة مجتمع (10 دنانير لأقل من 10,000؛ 20 / 20 / 70 لما فوق). لرأس مال أقل من 10,000 دينار المجموع 40 ديناراً.",0,"Same day: 5-15 minutes at the chamber's office in the Ministry building","في نفس اليوم: 5 إلى 15 دقيقة في مكتب الغرفة داخل مبنى الوزارة",if_food,"Home food production counts as industry, so it's the Chamber of Industry rather than the Chamber of Commerce.","يُعد تصنيع الغذاء المنزلي نشاطاً صناعياً، لذا الانتساب لغرفة الصناعة وليس غرفة التجارة.",S8,yes,yes
home_business,4,gam_rental_certificate,Get GAM's rent-contract certificate,الحصول على شهادة عقد الإيجار من الأمانة,GAM,lease_contract;property_ownership_document;national_id,,,"0.5% of the annual rent (max 15 JOD) + 0.3% of the total contract value in stamps","0.5% من الإيجار السنوي (بحد أقصى 15 ديناراً) + 0.003 من قيمة العقد الكلية طوابع",0,"Online, same day","إلكترونياً في نفس اليوم",if_rented,Only if you rent the home.,فقط إذا كان المنزل مستأجراً.,S8,yes,yes
home_business,5,jfda_home_food_license,Get JFDA food processing and label approval,الحصول على موافقة الغذاء والدواء على التصنيع والملصق,JFDA,registration_certificate;lease_contract@if_rented;property_ownership_document;building_documents;building_residents_consent;inspection_pledge;product_label;national_id,200,,"100 JOD permit application + 10 JOD label approval per food type + 90 JOD lab tests per sample (30 physical, 30 microbiological, 30 chemical). For one food type: 200 JOD.","100 دينار طلب التصريح + 10 دنانير لاعتماد الملصق لكل نوع غذاء + 90 ديناراً فحوص مخبرية لكل عينة (30 فيزيائي، 30 ميكروبيولوجي، 30 كيميائي). لنوع غذاء واحد: 200 دينار.",10,"7-10 days: the inspection visit comes 2-3 days after you apply, and the lab report 5-7 days after the samples","7 إلى 10 أيام: زيارة الكشف بعد 2 إلى 3 أيام من التقديم، وتقرير المختبر بعد 5 إلى 7 أيام من أخذ العينات",if_food,"Start the vocational licence request online at GAM first; you need its application number here. JFDA inspects your kitchen and takes samples.","ابدأ طلب رخصة المهن إلكترونياً لدى الأمانة أولاً لأنك تحتاج رقم الطلب هنا. تكشف المؤسسة على مطبخك وتأخذ عينات.",S6;S8,yes,yes
home_business,6,home_business_license,Get the home-based vocational licence,الحصول على رخصة المهن المنزلية,GAM,property_owner_approval@if_rented;declaration_pledge;registration_certificate;property_ownership_document;building_documents;gam_rental_certificate@if_rented;jfda_approval@if_food;national_id,20,50,"20-50 JOD basic fee depending on the profession","20 إلى 50 ديناراً رسم أساسي حسب نوع المهنة",3,"3 working days once the file is complete; requested and issued online","3 أيام عمل بعد اكتمال الملف؛ الطلب والإصدار إلكترونيان",always,"GAM checks the home. You may use up to 15% of it (max 25 m²). Non-food activities may need chamber membership; GAM will tell you.","تكشف الأمانة على المنزل. يمكنك استخدام 15% منه كحد أقصى (25 متراً مربعاً). قد تحتاج المهن غير الغذائية الانتساب لغرفة، وستبلغك الأمانة بذلك.",S1;S2;S8,yes,yes
home_business,7,tax_number,Get a tax number,الحصول على الرقم الضريبي,ISTD,registration_certificate;vocational_licence;lease_contract@if_rented;national_id,0,0,Free,مجاناً,0,"Online, same day (up to 24 hours if you apply at the end of the working day); then have the certificate ratified at ISTD in about 5 minutes","إلكترونياً في نفس اليوم (حتى 24 ساعة إذا قدمت في نهاية الدوام)؛ ثم تصديق الشهادة لدى الدائرة في حوالي 5 دقائق",always,Use the tax number on all your invoices.,استخدم الرقم الضريبي في كل فواتيرك.,S1;S7;S12,yes,yes
home_business,8,business_seal,Make a business stamp,عمل ختم للمنشأة,SEAL,registration_certificate;national_id,10,20,10-20 JOD at any seal shop,10 إلى 20 ديناراً في أي محل أختام,0,Same day,في نفس اليوم,always,You need the stamp to activate your social security account.,تحتاج الختم لتفعيل حساب الضمان الاجتماعي.,S11,yes,yes
home_business,9,social_security,Register with social security,التسجيل في الضمان الاجتماعي,SSC,registration_certificate;vocational_licence;liaison_officer_form;national_id,0,0,"No registration fee; monthly contributions on wages","لا رسوم تسجيل؛ تُدفع اشتراكات شهرية على الأجور",2,"1-2 days: get the number online, then activate the account at SSC","1 إلى 2 يوم: الحصول على الرقم إلكترونياً ثم تفعيل الحساب لدى المؤسسة",always,"Mandatory for the owner of a sole proprietorship who works in it, and for every employee.","إلزامي لمالك المؤسسة الفردية الذي يعمل فيها ولكل موظف.",S1;S11,yes,yes
sole_proprietorship,1,reserve_trade_name,Register a trade name,تسجيل الاسم التجاري,MIT,national_id,20,30,"20 JOD registration (+10 JOD if you ask for a name search first); 3 JOD per extra certificate copy","20 ديناراً للتسجيل (+10 دنانير إذا طلبت التحري عن الاسم أولاً)؛ 3 دنانير لكل نسخة إضافية من الشهادة",0,Same visit as the trader registration,في نفس زيارة تسجيل التاجر,optional,"Only if you want a trade name for your business.","فقط إذا أردت اسماً تجارياً لمشروعك.",S4;S9,yes,yes
sole_proprietorship,2,register_sole_proprietorship,Register as a trader (Commercial Registry),التسجيل كتاجر (السجل التجاري),MIT,national_id;service_booklet@if_male_born_1989_plus,15,45,"5 JOD certificate + registration fee by capital: 10 JOD under 20,000 JOD, then 20 / 30 / 40 JOD; extra copies 3 JOD each","5 دنانير شهادة + رسم قيد حسب رأس المال: 10 دنانير لأقل من 20,000 دينار، ثم 20 / 30 / 40 ديناراً؛ النسخة الإضافية 3 دنانير",0,"Same day: about 15-75 minutes at MIT, paid in cash","في نفس اليوم: حوالي 15 إلى 75 دقيقة في الوزارة، والدفع نقداً",always,"Take a queue number at MIT in Abdali (outside Amman, the MIT directorate in your governorate). Minimum declared capital is 1,000 JOD and no deposit is needed.","خذ رقم دور في الوزارة في العبدلي (وخارج عمّان مديرية الصناعة والتجارة في محافظتك). الحد الأدنى لرأس المال المصرح به 1,000 دينار ولا يشترط إيداعه.",S1;S5;S9,yes,yes
sole_proprietorship,3,chamber_membership,Join the Amman Chamber of Commerce,الانتساب لغرفة تجارة عمّان,ACC,registration_certificate;trade_name_certificate@if_trade_name;lease_contract@if_rented;national_id,30,2250,"First registration by capital: 30 JOD under 5,000; 75 JOD for 5,000-50,000; 150 JOD for 50,000-100,000; up to 2,250 JOD (annual fee afterwards from 20 JOD)","التسجيل لأول مرة حسب رأس المال: 30 ديناراً لأقل من 5,000؛ 75 ديناراً من 5,000 إلى 50,000؛ 150 ديناراً من 50,000 إلى 100,000؛ حتى 2,250 ديناراً (والاشتراك السنوي بعدها من 20 ديناراً)",0,"Same day: 10-20 minutes at the chamber's office in the Ministry building","في نفس اليوم: 10 إلى 20 دقيقة في مكتب الغرفة داخل مبنى الوزارة",always,"For businesses inside Greater Amman and the capital governorate.","للمنشآت ضمن حدود أمانة عمّان ومحافظة العاصمة.",S3;S9,yes,yes
sole_proprietorship,4,gam_rental_certificate,Get GAM's rent-contract certificate,الحصول على شهادة عقد الإيجار من الأمانة,GAM,lease_contract;property_ownership_document;national_id,,,"0.5% of the annual rent (max 15 JOD) + 0.3% of the total contract value in stamps","0.5% من الإيجار السنوي (بحد أقصى 15 ديناراً) + 0.003 من قيمة العقد الكلية طوابع",0,"Online, same day","إلكترونياً في نفس اليوم",if_rented,Only if you rent the premises.,فقط إذا كان الموقع مستأجراً.,S9,yes,yes
sole_proprietorship,5,vocational_license,Get the vocational licence for your shop or office,الحصول على رخصة المهن للمحل أو المكتب,GAM,registration_certificate;chamber_certificate;gam_rental_certificate@if_rented;property_ownership_document;building_documents;national_id,3,1000,"Depends on the activity: fixed-fee activities 25-200 JOD for individual traders (3-1,000 JOD for companies); capital-based activities 40-750 JOD. Plus 15 JOD per m² of signboard (min 1 m²) and an extra 20% of the licence fee (min 20 JOD).","حسب النشاط: الأنشطة ذات الرسم الثابت 25 إلى 200 دينار للتاجر الفرد (3 إلى 1,000 دينار للشركات)؛ والأنشطة حسب رأس المال 40 إلى 750 ديناراً. إضافة إلى 15 ديناراً لكل متر مربع من اللوحة الإعلانية (بحد أدنى متر واحد) و20% من رسم الرخصة (بحد أدنى 20 ديناراً).",0,"Online, same day once the documents are complete","إلكترونياً في نفس اليوم بعد اكتمال الوثائق",always,"Some activities need prior approval from a sector authority.","تحتاج بعض الأنشطة موافقة مسبقة من الجهة القطاعية المختصة.",S1;S9;S10,yes,yes
sole_proprietorship,6,tax_number,Get a tax number,الحصول على الرقم الضريبي,ISTD,registration_certificate;vocational_licence;lease_contract@if_rented;national_id,0,0,Free,مجاناً,0,"Online, same day (up to 24 hours if you apply at the end of the working day); then have the certificate ratified at ISTD in about 5 minutes","إلكترونياً في نفس اليوم (حتى 24 ساعة إذا قدمت في نهاية الدوام)؛ ثم تصديق الشهادة لدى الدائرة في حوالي 5 دقائق",always,Use the tax number on all your invoices.,استخدم الرقم الضريبي في كل فواتيرك.,S1;S7;S12,yes,yes
sole_proprietorship,7,business_seal,Make a business stamp,عمل ختم للمنشأة,SEAL,registration_certificate;national_id,10,20,10-20 JOD at any seal shop,10 إلى 20 ديناراً في أي محل أختام,0,Same day,في نفس اليوم,always,You need the stamp to activate your social security account.,تحتاج الختم لتفعيل حساب الضمان الاجتماعي.,S11,yes,yes
sole_proprietorship,8,social_security,Register with social security,التسجيل في الضمان الاجتماعي,SSC,registration_certificate;vocational_licence;liaison_officer_form;national_id,0,0,"No registration fee; monthly contributions on wages","لا رسوم تسجيل؛ تُدفع اشتراكات شهرية على الأجور",2,"1-2 days: get the number online, then activate the account at SSC","1 إلى 2 يوم: الحصول على الرقم إلكترونياً ثم تفعيل الحساب لدى المؤسسة",always,"Mandatory for the owner of a sole proprietorship who works in it, and for every employee.","إلزامي لمالك المؤسسة الفردية الذي يعمل فيها ولكل موظف.",S1;S11,yes,yes
llc,1,register_llc,Register the limited liability company,تسجيل الشركة ذات المسؤولية المحدودة,CCD,national_id;memorandum_of_association;bank_capital_letter,310,,"Registration fee of 0.2% of capital (minimum 250 JOD) + 0.3% of capital in stamps + 10 JOD memorandum + 10 JOD per document + 15 JOD publishing + 10 JOD certificate + 5 JOD memorandum copy + 10 JOD company commercial registry. Plus the bank's capital-deposit fee (about 50 JOD; varies by bank).","رسم تسجيل 0.002 من رأس المال (بحد أدنى 250 ديناراً) + 0.003 من رأس المال طوابع + 10 دنانير عقد التأسيس + 10 دنانير لكل وثيقة + 15 ديناراً نشر + 10 دنانير شهادة + 5 دنانير نسخة عقد التأسيس + 10 دنانير سجل تجاري للشركة. إضافة إلى عمولة البنك على إيداع رأس المال (حوالي 50 ديناراً وتختلف حسب البنك).",2,"1-2 days, mostly online","1 إلى 2 يوم، ومعظمها إلكتروني",always,"Minimum capital is 1 JOD. The bank letter must show at least 50% of each partner's share deposited. An auditor is required, a lawyer is required if capital exceeds 20,000 JOD, and a single-owner LLC needs the Companies Controller's approval.","الحد الأدنى لرأس المال دينار واحد. يجب أن يثبت الكتاب البنكي إيداع 50% على الأقل من حصة كل شريك. يلزم تعيين مدقق حسابات، ومحامٍ إذا زاد رأس المال عن 20,000 دينار، وتحتاج الشركة ذات المالك الواحد موافقة مراقب الشركات.",S1;S10,yes,yes
llc,2,chamber_membership,Join the Amman Chamber of Commerce,الانتساب لغرفة تجارة عمّان,ACC,registration_certificate;lease_contract@if_rented;building_documents;national_id;memorandum_of_association,30,2250,"First registration by capital: 30 JOD under 5,000; 75 JOD for 5,000-50,000; 150 JOD for 50,000-100,000; up to 2,250 JOD (annual fee afterwards from 20 JOD)","التسجيل لأول مرة حسب رأس المال: 30 ديناراً لأقل من 5,000؛ 75 ديناراً من 5,000 إلى 50,000؛ 150 ديناراً من 50,000 إلى 100,000؛ حتى 2,250 ديناراً (والاشتراك السنوي بعدها من 20 ديناراً)",0,"Same day: 10-20 minutes at the chamber's office in the Ministry building","في نفس اليوم: 10 إلى 20 دقيقة في مكتب الغرفة داخل مبنى الوزارة",always,"For businesses inside Greater Amman and the capital governorate.","للمنشآت ضمن حدود أمانة عمّان ومحافظة العاصمة.",S3;S10,yes,yes
llc,3,gam_rental_certificate,Get GAM's rent-contract certificate,الحصول على شهادة عقد الإيجار من الأمانة,GAM,lease_contract;property_ownership_document;national_id,,,"0.5% of the annual rent (max 15 JOD) + 0.3% of the total contract value in stamps","0.5% من الإيجار السنوي (بحد أقصى 15 ديناراً) + 0.003 من قيمة العقد الكلية طوابع",0,"Online, same day","إلكترونياً في نفس اليوم",if_rented,Only if you rent the premises.,فقط إذا كان الموقع مستأجراً.,S10,yes,yes
llc,4,vocational_license,Get the vocational licence for your shop or office,الحصول على رخصة المهن للمحل أو المكتب,GAM,registration_certificate;chamber_certificate;gam_rental_certificate@if_rented;property_ownership_document;building_documents;national_id,3,1000,"Depends on the activity: fixed-fee activities 25-200 JOD for individual traders (3-1,000 JOD for companies); capital-based activities 40-750 JOD. Plus 15 JOD per m² of signboard (min 1 m²) and an extra 20% of the licence fee (min 20 JOD).","حسب النشاط: الأنشطة ذات الرسم الثابت 25 إلى 200 دينار للتاجر الفرد (3 إلى 1,000 دينار للشركات)؛ والأنشطة حسب رأس المال 40 إلى 750 ديناراً. إضافة إلى 15 ديناراً لكل متر مربع من اللوحة الإعلانية (بحد أدنى متر واحد) و20% من رسم الرخصة (بحد أدنى 20 ديناراً).",0,"Online, same day once the documents are complete","إلكترونياً في نفس اليوم بعد اكتمال الوثائق",always,"Some activities need prior approval from a sector authority.","تحتاج بعض الأنشطة موافقة مسبقة من الجهة القطاعية المختصة.",S1;S9;S10,yes,yes
llc,5,tax_number,Get a tax number,الحصول على الرقم الضريبي,ISTD,registration_certificate;vocational_licence;lease_contract@if_rented;national_id,0,0,Free,مجاناً,0,"Online, same day (up to 24 hours if you apply at the end of the working day); then have the certificate ratified at ISTD in about 5 minutes","إلكترونياً في نفس اليوم (حتى 24 ساعة إذا قدمت في نهاية الدوام)؛ ثم تصديق الشهادة لدى الدائرة في حوالي 5 دقائق",always,Use the tax number on all your invoices.,استخدم الرقم الضريبي في كل فواتيرك.,S10;S12,yes,yes
llc,6,business_seal,Make a business stamp,عمل ختم للمنشأة,SEAL,registration_certificate;national_id,10,20,10-20 JOD at any seal shop,10 إلى 20 ديناراً في أي محل أختام,0,Same day,في نفس اليوم,always,You need the stamp to activate your social security account.,تحتاج الختم لتفعيل حساب الضمان الاجتماعي.,S10;S11,yes,yes
llc,7,social_security,Register with social security,التسجيل في الضمان الاجتماعي,SSC,registration_certificate;vocational_licence;liaison_officer_form;national_id,0,0,"No registration fee; monthly contributions on wages","لا رسوم تسجيل؛ تُدفع اشتراكات شهرية على الأجور",2,"1-2 days: get the number online, then activate the account at SSC","1 إلى 2 يوم: الحصول على الرقم إلكترونياً ثم تفعيل الحساب لدى المؤسسة",always,"Mandatory once the company has one or more workers.","إلزامي عندما يكون لدى الشركة عامل واحد أو أكثر.",S1;S10;S11,yes,yes
